{"cameraMode":{"drawMode":0,"name":"Shaded","section":"Shading Mode"},"sceneLighting":true,"audioPlay":false,"sceneViewState":{"showFog":true,"showMaterialUpdate":true,"showSkybox":true,"showFlares":true,"showImageEffects":true,"showParticleSystems":true},"in2DMode":false,"pivot":{"x":-0.09952306747436524,"y":0.7780613899230957,"z":-0.4318070411682129},"rotation":{"x":-0.2410527467727661,"y":0.6654436588287354,"z":-0.24163246154785157,"w":-0.6638494729995728},"size":14.47176742553711,"orthographic":false}