{"cameraMode":{"drawMode":0,"name":"Shaded","section":"Shading Mode"},"sceneLighting":true,"audioPlay":false,"sceneViewState":{"showFog":true,"showMaterialUpdate":true,"showSkybox":true,"showFlares":true,"showImageEffects":true,"showParticleSystems":true},"in2DMode":false,"pivot":{"x":-0.22031116485595704,"y":1.2893613576889039,"z":0.39692598581314089},"rotation":{"x":0.051367539912462237,"y":0.6424598097801209,"z":0.043233875185251239,"w":-0.763377845287323},"size":3.126918077468872,"orthographic":false}