{"cameraMode":{"drawMode":0,"name":"Shaded","section":"Shading Mode"},"sceneLighting":true,"audioPlay":false,"sceneViewState":{"showFog":true,"showMaterialUpdate":true,"showSkybox":true,"showFlares":true,"showImageEffects":true,"showParticleSystems":true},"in2DMode":false,"pivot":{"x":-0.5362482070922852,"y":2.0630781650543215,"z":-0.9394807815551758},"rotation":{"x":-0.17347347736358643,"y":0.7158721089363098,"z":-0.1914418637752533,"w":-0.6486827731132507},"size":11.221440315246582,"orthographic":false}