{"cameraMode":{"drawMode":0,"name":"Shaded","section":"Shading Mode"},"sceneLighting":true,"audioPlay":false,"sceneViewState":{"showFog":true,"showMaterialUpdate":true,"showSkybox":true,"showFlares":true,"showImageEffects":true,"showParticleSystems":true},"in2DMode":false,"pivot":{"x":-0.09952306747436524,"y":0.7780613899230957,"z":-0.4318070411682129},"rotation":{"x":-0.09756149351596832,"y":0.7331641912460327,"z":-0.10766659677028656,"w":-0.6643514037132263},"size":4.425271034240723,"orthographic":false}