{"cameraMode":{"drawMode":0,"name":"Shaded","section":"Shading Mode"},"sceneLighting":true,"audioPlay":false,"sceneViewState":{"showFog":true,"showMaterialUpdate":true,"showSkybox":true,"showFlares":true,"showImageEffects":true,"showParticleSystems":true},"in2DMode":false,"pivot":{"x":-3.4724044799804689,"y":5.868021011352539,"z":3.846808433532715},"rotation":{"x":-0.20170314610004426,"y":0.6315179467201233,"z":-0.17498844861984254,"w":-0.7279287576675415},"size":26.001821517944337,"orthographic":false}