{"cameraMode":{"drawMode":0,"name":"Shaded","section":"Shading Mode"},"sceneLighting":true,"audioPlay":false,"sceneViewState":{"showFog":true,"showMaterialUpdate":true,"showSkybox":true,"showFlares":true,"showImageEffects":true,"showParticleSystems":true},"in2DMode":false,"pivot":{"x":-0.4497799873352051,"y":1.9151575565338135,"z":-0.9480307102203369},"rotation":{"x":-0.17347347736358643,"y":0.7158721089363098,"z":-0.1914418637752533,"w":-0.6486827731132507},"size":7.239219665527344,"orthographic":false}